name	sequence_length	reference_length	mutations	mutation_rate
pepper_C5A_A21G_C36U	49	49	3	0.0612
pepper_A7C_A21G_C36U	49	49	3	0.0612
pepper_A6C_A21G_C36U	49	49	3	0.0612
pepper_C5A_A7C_A21G_C36U	49	49	4	0.0816
pepper_A6C_A7C_A21G	49	49	3	0.0612
pepper_A6C_A7C_A21G_C36U	49	49	4	0.0816
pepper_C5A_A6C_C36U	49	49	3	0.0612
pepper_C5A_A6C_A7C_A21G_C36U	49	49	5	0.1020
pepper_A12G_A21G_U45C	49	49	3	0.0612
pepper_C19U_C5A_A6C_C36U	49	49	7	0.1429
pepper_C19U_C5A_G21A_C36A	49	49	5	0.1020
pepper_C19U_A6C_G21A_C36U	49	49	5	0.1020
pepper_C19U_C5A_A6C_A7C	49	49	7	0.1429
pepper_C19U_A6C_G21A_C36A	49	49	5	0.1020
pepper_C19U_C5A_A7C_C36A	49	49	7	0.1429
pepper_C19U_A7C_G21A_C36A	49	49	5	0.1020
pepper_C19U_C5A_A6C_C36A	49	49	7	0.1429
pepper_C19U_C5A_A7C_G21A_C36A	49	49	6	0.1224
pepper_C19U_C5A_A6C_G21A_C36A	49	49	6	0.1224
pepper_C19U_C5A_A6C_G21A_C36U	49	49	6	0.1224
pepper_C19U_A6C_A7C_G21A_C36A	49	49	6	0.1224
pepper_C19U_C5A_A6C_A7C_C36A	49	49	8	0.1633
pepper_C19U_C5A_A6C_A7C_G21A_C36A	49	49	7	0.1429
pepper_C19U_A7C_G21A_C36U_U28A_C29U	49	49	7	0.1429
pepper_C19U_C5A_G21A_C36U_U28C_C29G	49	49	7	0.1429
pepper_C19U_C5A_G21A_C36U_U28A_C29U	49	49	7	0.1429
pepper_C19U_C5A_G21A_C36U_C26U_G31A_U28G	49	49	8	0.1633
pepper_C19U_A7C_C26U_G31A_G12A_C45U_C29A	49	49	6	0.1224
pepper_C19U_A7C_G21A_C36U_C26U_G31A_G12A_C45U_U28G	49	49	6	0.1224
pepper_C19U_A6C_A7C_G20C_G21A_C36U_C26U_G31A_G12A_C45U_U28C_C29G	49	49	9	0.1837
